{"val_accuracy":98.65,"_wandb":{"runtime":32},"epoch":2,"step":200,"loss":0.05220155000803061,"_timestamp":1.738693319133228e+09,"_runtime":31.889532,"_step":11}